Clonal variant,Donor,Recipient,Donor frequency,Recipient frequency,Used in 0.25% analysis?,Used in 0.5% analysis?,Used in 1.0% analysis?,Used in 2.0% analysis?,Used in 3.0% analysis?,Used in 4.0% analysis?,Used in 5.0% analysis?,Used in 6.0% analysis?,Used in 7.0% analysis?
C193T,321372,320645,0.023326572008000035,1.0,N,N,N,N,Y,Y,Y,Y,Y
C263A,321372,320645,0.0,1.0,Y,Y,Y,Y,Y,Y,Y,Y,Y
A699G,321372,320645,0.0,1.0,Y,Y,Y,Y,Y,Y,Y,Y,Y
C1641T,UM41510,UM40095,0.0,1.0,Y,Y,Y,Y,Y,Y,Y,Y,Y
T1641C,UM40093,UM41510,0.0,1.0,Y,Y,Y,Y,Y,Y,Y,Y,Y
A543G,UM41554,UM41553,0.0,1.0,Y,Y,Y,Y,Y,Y,Y,Y,Y
C218T,UM41554,UM41553,0.0,1.0,Y,Y,Y,Y,Y,Y,Y,Y,Y
A2041G,UM41554,UM41553,0.0,1.0,Y,Y,Y,Y,Y,Y,Y,Y,Y
G543A,UM40449,UM41554,0.0,1.0,Y,Y,Y,Y,Y,Y,Y,Y,Y
T218C,UM40449,UM41554,0.0,1.0,Y,Y,Y,Y,Y,Y,Y,Y,Y
C1569T,50319,50316,0.0,1.0,Y,Y,Y,Y,Y,Y,Y,Y,Y
T1650G,50319,50316,0.0,0.998686616363,Y,Y,Y,Y,Y,Y,Y,Y,Y
T487C,50319,50316,0.0,0.999027473863,Y,Y,Y,Y,Y,Y,Y,Y,Y
A310G,50468,50466,0.0,1.0,Y,Y,Y,Y,Y,Y,Y,Y,Y
A1424G,50553,50552,0.0,0.990897577964,N,N,Y,Y,Y,Y,Y,Y,Y
A1701G,50618,50619,0.03376496985800004,0.9604703045537,N,N,N,N,N,Y,Y,Y,Y
G57A,51138,51137,0.0,1.0,Y,Y,Y,Y,Y,Y,Y,Y,Y
G517T,51220,51216,0.06070345040400005,1.0,N,N,N,N,N,N,N,N,Y
C618T,51220,51216,0.0,0.998665534393,Y,Y,Y,Y,Y,Y,Y,Y,Y
A1429G,51220,51216,0.0,0.998298095176,Y,Y,Y,Y,Y,Y,Y,Y,Y
